support,itemsets
0.3464,frozenset({'Bread'})
0.3364,frozenset({'Butter'})
0.2124,frozenset({'Baby Wipes'})
0.1688,frozenset({'Beer'})
0.156,frozenset({'Diapers'})
0.0944,frozenset({'Soap'})
0.4044,frozenset({'Water'})
0.226,frozenset({'Eggs'})
0.15,frozenset({'Croissant'})
0.1092,frozenset({'Rice'})
0.412,frozenset({'Milk'})
0.2576,frozenset({'Sugar'})
0.2508,frozenset({'Coffee'})
0.178,frozenset({'Wine'})
0.1012,frozenset({'Cake'})
0.2396,frozenset({'Cookies'})
0.232,frozenset({'Tea'})
0.252,frozenset({'Tomato Sauce'})
0.106,frozenset({'Bagel'})
0.11,frozenset({'Juice'})
0.2748,frozenset({'Soda'})
0.2104,frozenset({'Yogurt'})
0.2528,frozenset({'Jam'})
0.0956,frozenset({'Shampoo'})
0.2044,frozenset({'Pasta'})
0.084,frozenset({'Olive Oil'})
0.2724,frozenset({'Cheese'})
0.1444,"frozenset({'Milk', 'Bread'})"
0.1308,"frozenset({'Water', 'Bread'})"
0.0568,"frozenset({'Milk', 'Water', 'Bread'})"
0.2692,"frozenset({'Bread', 'Butter'})"
0.1408,"frozenset({'Milk', 'Butter'})"
0.134,"frozenset({'Water', 'Butter'})"
0.1128,"frozenset({'Milk', 'Bread', 'Butter'})"
0.1016,"frozenset({'Water', 'Bread', 'Butter'})"
0.0552,"frozenset({'Water', 'Milk', 'Butter'})"
0.0424,"frozenset({'Milk', 'Water', 'Bread', 'Butter'})"
0.0768,"frozenset({'Bread', 'Baby Wipes'})"
0.0656,"frozenset({'Baby Wipes', 'Butter'})"
0.0928,"frozenset({'Water', 'Baby Wipes'})"
0.088,"frozenset({'Milk', 'Baby Wipes'})"
0.054,"frozenset({'Cookies', 'Baby Wipes'})"
0.0504,"frozenset({'Tea', 'Baby Wipes'})"
0.058,"frozenset({'Soda', 'Baby Wipes'})"
0.0528,"frozenset({'Jam', 'Baby Wipes'})"
0.052,"frozenset({'Coffee', 'Baby Wipes'})"
0.0516,"frozenset({'Tomato Sauce', 'Baby Wipes'})"
0.0564,"frozenset({'Cheese', 'Baby Wipes'})"
0.0556,"frozenset({'Sugar', 'Baby Wipes'})"
0.0456,"frozenset({'Eggs', 'Baby Wipes'})"
0.034,"frozenset({'Bread', 'Water', 'Baby Wipes'})"
0.032,"frozenset({'Milk', 'Bread', 'Baby Wipes'})"
0.0544,"frozenset({'Bread', 'Baby Wipes', 'Butter'})"
0.0296,"frozenset({'Water', 'Baby Wipes', 'Butter'})"
0.0276,"frozenset({'Milk', 'Baby Wipes', 'Butter'})"
0.0244,"frozenset({'Bread', 'Water', 'Baby Wipes', 'Butter'})"
0.0228,"frozenset({'Milk', 'Bread', 'Baby Wipes', 'Butter'})"
0.0404,"frozenset({'Milk', 'Water', 'Baby Wipes'})"
0.0252,"frozenset({'Milk', 'Cookies', 'Baby Wipes'})"
0.0252,"frozenset({'Water', 'Cookies', 'Baby Wipes'})"
0.0348,"frozenset({'Tea', 'Cookies', 'Baby Wipes'})"
0.0252,"frozenset({'Tea', 'Water', 'Baby Wipes'})"
0.0216,"frozenset({'Milk', 'Tea', 'Baby Wipes'})"
0.0236,"frozenset({'Soda', 'Water', 'Baby Wipes'})"
0.022,"frozenset({'Soda', 'Milk', 'Baby Wipes'})"
0.0404,"frozenset({'Jam', 'Bread', 'Baby Wipes'})"
0.0392,"frozenset({'Jam', 'Baby Wipes', 'Butter'})"
0.0232,"frozenset({'Jam', 'Water', 'Baby Wipes'})"
0.0216,"frozenset({'Milk', 'Jam', 'Baby Wipes'})"
0.038,"frozenset({'Jam', 'Bread', 'Baby Wipes', 'Butter'})"
0.0208,"frozenset({'Coffee', 'Bread', 'Baby Wipes'})"
0.04,"frozenset({'Coffee', 'Sugar', 'Baby Wipes'})"
0.0372,"frozenset({'Coffee', 'Milk', 'Baby Wipes'})"
0.022,"frozenset({'Coffee', 'Water', 'Baby Wipes'})"
0.0292,"frozenset({'Coffee', 'Milk', 'Sugar', 'Baby Wipes'})"
0.0228,"frozenset({'Water', 'Baby Wipes', 'Tomato Sauce'})"
0.0264,"frozenset({'Cheese', 'Tomato Sauce', 'Baby Wipes'})"
0.022,"frozenset({'Milk', 'Tomato Sauce', 'Baby Wipes'})"
0.024,"frozenset({'Cheese', 'Water', 'Baby Wipes'})"
0.0232,"frozenset({'Cheese', 'Milk', 'Baby Wipes'})"
0.036,"frozenset({'Milk', 'Sugar', 'Baby Wipes'})"
0.0236,"frozenset({'Sugar', 'Water', 'Baby Wipes'})"
0.0224,"frozenset({'Sugar', 'Bread', 'Baby Wipes'})"
0.0752,"frozenset({'Beer', 'Baby Wipes'})"
0.0632,"frozenset({'Beer', 'Bread'})"
0.0556,"frozenset({'Beer', 'Butter'})"
0.0716,"frozenset({'Beer', 'Water'})"
0.0684,"frozenset({'Beer', 'Milk'})"
0.048,"frozenset({'Beer', 'Sugar'})"
0.0456,"frozenset({'Beer', 'Coffee'})"
0.0292,"frozenset({'Beer', 'Wine'})"
0.0396,"frozenset({'Beer', 'Cookies'})"
0.0388,"frozenset({'Beer', 'Tea'})"
0.0364,"frozenset({'Beer', 'Yogurt'})"
0.0356,"frozenset({'Beer', 'Tomato Sauce'})"
0.0452,"frozenset({'Beer', 'Cheese'})"
0.0432,"frozenset({'Beer', 'Jam'})"
0.032,"frozenset({'Beer', 'Pasta'})"
0.0424,"frozenset({'Beer', 'Eggs'})"
0.046,"frozenset({'Beer', 'Soda'})"
0.0284,"frozenset({'Beer', 'Bread', 'Baby Wipes'})"
0.0248,"frozenset({'Beer', 'Water', 'Bread'})"
0.0236,"frozenset({'Beer', 'Milk', 'Bread'})"
0.0464,"frozenset({'Beer', 'Bread', 'Butter'})"
0.0228,"frozenset({'Beer', 'Baby Wipes', 'Butter'})"
0.0244,"frozenset({'Beer', 'Milk', 'Butter'})"
0.0216,"frozenset({'Beer', 'Water', 'Butter'})"
0.0328,"frozenset({'Beer', 'Water', 'Baby Wipes'})"
0.0332,"frozenset({'Beer', 'Water', 'Milk'})"
0.032,"frozenset({'Beer', 'Milk', 'Baby Wipes'})"
0.0296,"frozenset({'Beer', 'Sugar', 'Milk'})"
0.0228,"frozenset({'Beer', 'Sugar', 'Water'})"
0.0228,"frozenset({'Beer', 'Sugar', 'Baby Wipes'})"
0.0344,"frozenset({'Beer', 'Coffee', 'Milk'})"
0.034,"frozenset({'Beer', 'Coffee', 'Sugar'})"
0.0216,"frozenset({'Beer', 'Coffee', 'Water'})"
0.022,"frozenset({'Beer', 'Coffee', 'Baby Wipes'})"
0.0256,"frozenset({'Beer', 'Coffee', 'Sugar', 'Milk'})"
0.0244,"frozenset({'Beer', 'Tea', 'Cookies'})"
0.0208,"frozenset({'Beer', 'Cheese', 'Tomato Sauce'})"
0.02,"frozenset({'Beer', 'Cheese', 'Baby Wipes'})"
0.034,"frozenset({'Beer', 'Jam', 'Bread'})"
0.0336,"frozenset({'Beer', 'Jam', 'Butter'})"
0.0328,"frozenset({'Beer', 'Jam', 'Bread', 'Butter'})"
0.0276,"frozenset({'Beer', 'Pasta', 'Tomato Sauce'})"
0.0204,"frozenset({'Beer', 'Eggs', 'Water'})"
0.0248,"frozenset({'Beer', 'Soda', 'Baby Wipes'})"
0.1264,"frozenset({'Diapers', 'Baby Wipes'})"
0.0856,"frozenset({'Beer', 'Diapers'})"
0.0556,"frozenset({'Diapers', 'Bread'})"
0.0484,"frozenset({'Diapers', 'Butter'})"
0.0636,"frozenset({'Diapers', 'Water'})"
0.04,"frozenset({'Jam', 'Diapers'})"
0.0316,"frozenset({'Tea', 'Diapers'})"
0.0396,"frozenset({'Diapers', 'Tomato Sauce'})"
0.032,"frozenset({'Yogurt', 'Diapers'})"
0.0448,"frozenset({'Cheese', 'Diapers'})"
0.0352,"frozenset({'Pasta', 'Diapers'})"
0.0624,"frozenset({'Diapers', 'Milk'})"
0.0444,"frozenset({'Sugar', 'Diapers'})"
0.0412,"frozenset({'Coffee', 'Diapers'})"
0.0264,"frozenset({'Wine', 'Diapers'})"
0.0432,"frozenset({'Soda', 'Diapers'})"
0.0344,"frozenset({'Eggs', 'Diapers'})"
0.0344,"frozenset({'Diapers', 'Cookies'})"
0.0692,"frozenset({'Beer', 'Diapers', 'Baby Wipes'})"
0.0436,"frozenset({'Bread', 'Diapers', 'Baby Wipes'})"
0.034,"frozenset({'Beer', 'Diapers', 'Bread'})"
0.0248,"frozenset({'Diapers', 'Water', 'Bread'})"
0.02,"frozenset({'Milk', 'Diapers', 'Bread'})"
0.0268,"frozenset({'Beer', 'Bread', 'Diapers', 'Baby Wipes'})"
0.0204,"frozenset({'Diapers', 'Bread', 'Water', 'Baby Wipes'})"
0.0404,"frozenset({'Diapers', 'Bread', 'Butter'})"
0.0376,"frozenset({'Diapers', 'Baby Wipes', 'Butter'})"
0.0284,"frozenset({'Beer', 'Diapers', 'Butter'})"
0.022,"frozenset({'Diapers', 'Water', 'Butter'})"
0.0312,"frozenset({'Bread', 'Diapers', 'Baby Wipes', 'Butter'})"
0.024,"frozenset({'Beer', 'Diapers', 'Bread', 'Butter'})"
0.022,"frozenset({'Beer', 'Diapers', 'Baby Wipes', 'Butter'})"
0.0532,"frozenset({'Diapers', 'Water', 'Baby Wipes'})"
0.036,"frozenset({'Beer', 'Diapers', 'Water'})"
0.0296,"frozenset({'Beer', 'Diapers', 'Water', 'Baby Wipes'})"
0.03,"frozenset({'Jam', 'Diapers', 'Baby Wipes'})"
0.0296,"frozenset({'Jam', 'Diapers', 'Bread'})"
0.0292,"frozenset({'Jam', 'Diapers', 'Butter'})"
0.022,"frozenset({'Beer', 'Jam', 'Diapers'})"
0.022,"frozenset({'Jam', 'Bread', 'Diapers', 'Baby Wipes'})"
0.0284,"frozenset({'Jam', 'Diapers', 'Bread', 'Butter'})"
0.0216,"frozenset({'Jam', 'Diapers', 'Baby Wipes', 'Butter'})"
0.0208,"frozenset({'Diapers', 'Jam', 'Baby Wipes', 'Bread', 'Butter'})"
0.0248,"frozenset({'Tea', 'Diapers', 'Baby Wipes'})"
0.032,"frozenset({'Diapers', 'Baby Wipes', 'Tomato Sauce'})"
0.0232,"frozenset({'Cheese', 'Diapers', 'Tomato Sauce'})"
0.028,"frozenset({'Yogurt', 'Diapers', 'Baby Wipes'})"
0.0368,"frozenset({'Cheese', 'Diapers', 'Baby Wipes'})"
0.0228,"frozenset({'Beer', 'Cheese', 'Diapers'})"
0.0308,"frozenset({'Pasta', 'Diapers', 'Tomato Sauce'})"
0.0288,"frozenset({'Pasta', 'Diapers', 'Baby Wipes'})"
0.0232,"frozenset({'Cheese', 'Pasta', 'Diapers'})"
0.0248,"frozenset({'Pasta', 'Diapers', 'Baby Wipes', 'Tomato Sauce'})"
0.0228,"frozenset({'Cheese', 'Pasta', 'Diapers', 'Tomato Sauce'})"
0.0348,"frozenset({'Beer', 'Diapers', 'Milk'})"
0.0276,"frozenset({'Diapers', 'Water', 'Milk'})"
0.0528,"frozenset({'Milk', 'Diapers', 'Baby Wipes'})"
0.0296,"frozenset({'Beer', 'Milk', 'Diapers', 'Baby Wipes'})"
0.0236,"frozenset({'Diapers', 'Milk', 'Water', 'Baby Wipes'})"
0.0364,"frozenset({'Sugar', 'Diapers', 'Baby Wipes'})"
0.0284,"frozenset({'Sugar', 'Diapers', 'Milk'})"
0.0256,"frozenset({'Beer', 'Sugar', 'Diapers'})"
0.024,"frozenset({'Milk', 'Sugar', 'Diapers', 'Baby Wipes'})"
0.0216,"frozenset({'Beer', 'Sugar', 'Diapers', 'Baby Wipes'})"
0.0328,"frozenset({'Coffee', 'Diapers', 'Baby Wipes'})"
0.0316,"frozenset({'Coffee', 'Sugar', 'Diapers'})"
0.0296,"frozenset({'Coffee', 'Diapers', 'Milk'})"
0.0252,"frozenset({'Beer', 'Coffee', 'Diapers'})"
0.026,"frozenset({'Coffee', 'Sugar', 'Diapers', 'Baby Wipes'})"
0.0236,"frozenset({'Coffee', 'Sugar', 'Diapers', 'Milk'})"
0.0236,"frozenset({'Coffee', 'Milk', 'Diapers', 'Baby Wipes'})"
0.0204,"frozenset({'Beer', 'Coffee', 'Diapers', 'Baby Wipes'})"
0.0228,"frozenset({'Wine', 'Diapers', 'Baby Wipes'})"
0.0364,"frozenset({'Soda', 'Diapers', 'Baby Wipes'})"
0.0256,"frozenset({'Beer', 'Soda', 'Diapers'})"
0.0228,"frozenset({'Beer', 'Soda', 'Diapers', 'Baby Wipes'})"
0.0276,"frozenset({'Eggs', 'Diapers', 'Baby Wipes'})"
0.0208,"frozenset({'Beer', 'Eggs', 'Diapers'})"
0.03,"frozenset({'Diapers', 'Cookies', 'Baby Wipes'})"
0.0204,"frozenset({'Beer', 'Diapers', 'Cookies'})"
0.0324,"frozenset({'Soap', 'Butter'})"
0.0324,"frozenset({'Soap', 'Bread'})"
0.022,"frozenset({'Soap', 'Baby Wipes'})"
0.046,"frozenset({'Soap', 'Milk'})"
0.036,"frozenset({'Soap', 'Water'})"
0.022,"frozenset({'Soap', 'Cookies'})"
0.0208,"frozenset({'Soap', 'Tea'})"
0.0248,"frozenset({'Soap', 'Tomato Sauce'})"
0.0236,"frozenset({'Soap', 'Eggs'})"
0.0216,"frozenset({'Pasta', 'Soap'})"
0.0248,"frozenset({'Coffee', 'Soap'})"
0.0248,"frozenset({'Soap', 'Jam'})"
0.026,"frozenset({'Cheese', 'Soap'})"
0.0264,"frozenset({'Soda', 'Soap'})"
0.0256,"frozenset({'Soap', 'Sugar'})"
0.024,"frozenset({'Soap', 'Bread', 'Butter'})"
0.0204,"frozenset({'Coffee', 'Soap', 'Milk'})"
0.1692,"frozenset({'Water', 'Milk'})"
0.0964,"frozenset({'Eggs', 'Water'})"
0.0536,"frozenset({'Eggs', 'Tomato Sauce'})"
0.0936,"frozenset({'Eggs', 'Milk'})"
0.0556,"frozenset({'Coffee', 'Eggs'})"
0.084,"frozenset({'Eggs', 'Bread'})"
0.0628,"frozenset({'Soda', 'Eggs'})"
0.0556,"frozenset({'Eggs', 'Sugar'})"
0.0796,"frozenset({'Eggs', 'Butter'})"
0.0572,"frozenset({'Eggs', 'Jam'})"
0.0652,"frozenset({'Cheese', 'Eggs'})"
0.0572,"frozenset({'Eggs', 'Cookies'})"
0.0556,"frozenset({'Eggs', 'Tea'})"
0.0216,"frozenset({'Eggs', 'Tomato Sauce', 'Bread'})"
0.0208,"frozenset({'Eggs', 'Tomato Sauce', 'Milk'})"
0.0204,"frozenset({'Eggs', 'Tomato Sauce', 'Butter'})"
0.0304,"frozenset({'Cheese', 'Eggs', 'Tomato Sauce'})"
0.0204,"frozenset({'Eggs', 'Water', 'Tomato Sauce'})"
0.0412,"frozenset({'Eggs', 'Water', 'Milk'})"
0.0436,"frozenset({'Coffee', 'Eggs', 'Milk'})"
0.042,"frozenset({'Coffee', 'Eggs', 'Sugar'})"
0.0208,"frozenset({'Coffee', 'Eggs', 'Bread'})"
0.0228,"frozenset({'Coffee', 'Eggs', 'Water'})"
0.0208,"frozenset({'Cheese', 'Coffee', 'Eggs'})"
0.0324,"frozenset({'Coffee', 'Eggs', 'Sugar', 'Milk'})"
0.0352,"frozenset({'Milk', 'Eggs', 'Bread'})"
0.0312,"frozenset({'Eggs', 'Water', 'Bread'})"
0.026,"frozenset({'Soda', 'Eggs', 'Milk'})"
0.0232,"frozenset({'Soda', 'Eggs', 'Bread'})"
0.0224,"frozenset({'Soda', 'Eggs', 'Butter'})"
0.0248,"frozenset({'Soda', 'Eggs', 'Water'})"
0.0368,"frozenset({'Eggs', 'Sugar', 'Milk'})"
0.02,"frozenset({'Eggs', 'Sugar', 'Bread'})"
0.024,"frozenset({'Eggs', 'Sugar', 'Water'})"
0.0648,"frozenset({'Eggs', 'Bread', 'Butter'})"
0.0308,"frozenset({'Eggs', 'Water', 'Butter'})"
0.0304,"frozenset({'Eggs', 'Milk', 'Butter'})"
0.0236,"frozenset({'Eggs', 'Water', 'Bread', 'Butter'})"
0.0264,"frozenset({'Milk', 'Eggs', 'Bread', 'Butter'})"
0.024,"frozenset({'Eggs', 'Jam', 'Milk'})"
0.0216,"frozenset({'Eggs', 'Water', 'Jam'})"
0.0444,"frozenset({'Eggs', 'Jam', 'Butter'})"
0.044,"frozenset({'Eggs', 'Jam', 'Bread'})"
0.042,"frozenset({'Eggs', 'Jam', 'Bread', 'Butter'})"
0.0268,"frozenset({'Cheese', 'Eggs', 'Water'})"
0.0252,"frozenset({'Cheese', 'Eggs', 'Bread'})"
0.0248,"frozenset({'Cheese', 'Eggs', 'Butter'})"
0.0276,"frozenset({'Cheese', 'Eggs', 'Milk'})"
0.022,"frozenset({'Cheese', 'Eggs', 'Bread', 'Butter'})"
0.022,"frozenset({'Eggs', 'Cookies', 'Bread'})"
0.022,"frozenset({'Eggs', 'Cookies', 'Milk'})"
0.0208,"frozenset({'Eggs', 'Cookies', 'Butter'})"
0.024,"frozenset({'Water', 'Eggs', 'Cookies'})"
0.0404,"frozenset({'Eggs', 'Tea', 'Cookies'})"
0.0208,"frozenset({'Eggs', 'Tea', 'Bread'})"
0.0208,"frozenset({'Eggs', 'Tea', 'Milk'})"
0.024,"frozenset({'Eggs', 'Tea', 'Water'})"
0.0648,"frozenset({'Water', 'Croissant'})"
0.0356,"frozenset({'Eggs', 'Croissant'})"
0.0596,"frozenset({'Milk', 'Croissant'})"
0.046,"frozenset({'Bread', 'Croissant'})"
0.036,"frozenset({'Sugar', 'Croissant'})"
0.0344,"frozenset({'Coffee', 'Croissant'})"
0.028,"frozenset({'Wine', 'Croissant'})"
0.0256,"frozenset({'Beer', 'Croissant'})"
0.0356,"frozenset({'Tomato Sauce', 'Croissant'})"
0.034,"frozenset({'Cookies', 'Croissant'})"
0.032,"frozenset({'Tea', 'Croissant'})"
0.0456,"frozenset({'Soda', 'Croissant'})"
0.0428,"frozenset({'Croissant', 'Butter'})"
0.0344,"frozenset({'Jam', 'Croissant'})"
0.0288,"frozenset({'Croissant', 'Baby Wipes'})"
0.044,"frozenset({'Cheese', 'Croissant'})"
0.0288,"frozenset({'Yogurt', 'Croissant'})"
0.024,"frozenset({'Pasta', 'Croissant'})"
0.0212,"frozenset({'Diapers', 'Croissant'})"
0.0244,"frozenset({'Milk', 'Water', 'Croissant'})"
0.0224,"frozenset({'Milk', 'Sugar', 'Croissant'})"
0.0256,"frozenset({'Coffee', 'Sugar', 'Croissant'})"
0.0256,"frozenset({'Coffee', 'Milk', 'Croissant'})"
0.022,"frozenset({'Tea', 'Cookies', 'Croissant'})"
0.0352,"frozenset({'Bread', 'Croissant', 'Butter'})"
0.0248,"frozenset({'Jam', 'Croissant', 'Butter'})"
0.0248,"frozenset({'Jam', 'Bread', 'Croissant'})"
0.024,"frozenset({'Jam', 'Bread', 'Croissant', 'Butter'})"
0.02,"frozenset({'Cheese', 'Milk', 'Croissant'})"
0.0212,"frozenset({'Pasta', 'Tomato Sauce', 'Croissant'})"
0.048,"frozenset({'Rice', 'Water'})"
0.0236,"frozenset({'Eggs', 'Rice'})"
0.0416,"frozenset({'Rice', 'Bread'})"
0.0384,"frozenset({'Rice', 'Butter'})"
0.0304,"frozenset({'Rice', 'Jam'})"
0.03,"frozenset({'Coffee', 'Rice'})"
0.0284,"frozenset({'Soda', 'Rice'})"
0.0236,"frozenset({'Rice', 'Baby Wipes'})"
0.0264,"frozenset({'Rice', 'Tea'})"
0.0248,"frozenset({'Rice', 'Cookies'})"
0.0216,"frozenset({'Yogurt', 'Rice'})"
0.0488,"frozenset({'Rice', 'Milk'})"
0.02,"frozenset({'Pasta', 'Rice'})"
0.028,"frozenset({'Rice', 'Sugar'})"
0.0288,"frozenset({'Cheese', 'Rice'})"
0.022,"frozenset({'Rice', 'Tomato Sauce'})"
0.0204,"frozenset({'Wine', 'Rice'})"
0.0228,"frozenset({'Rice', 'Water', 'Milk'})"
0.0324,"frozenset({'Rice', 'Bread', 'Butter'})"
0.0244,"frozenset({'Rice', 'Jam', 'Bread'})"
0.024,"frozenset({'Rice', 'Jam', 'Butter'})"
0.0232,"frozenset({'Rice', 'Jam', 'Bread', 'Butter'})"
0.0216,"frozenset({'Coffee', 'Rice', 'Milk'})"
0.0216,"frozenset({'Coffee', 'Rice', 'Sugar'})"
0.1616,"frozenset({'Sugar', 'Milk'})"
0.1028,"frozenset({'Sugar', 'Water'})"
0.0904,"frozenset({'Sugar', 'Bread'})"
0.0736,"frozenset({'Soda', 'Sugar'})"
0.0832,"frozenset({'Sugar', 'Butter'})"
0.0684,"frozenset({'Cheese', 'Sugar'})"
0.0664,"frozenset({'Sugar', 'Water', 'Milk'})"
0.0584,"frozenset({'Milk', 'Sugar', 'Bread'})"
0.0352,"frozenset({'Sugar', 'Water', 'Bread'})"
0.024,"frozenset({'Milk', 'Sugar', 'Water', 'Bread'})"
0.0476,"frozenset({'Soda', 'Sugar', 'Milk'})"
0.026,"frozenset({'Soda', 'Sugar', 'Bread'})"
0.0248,"frozenset({'Soda', 'Sugar', 'Butter'})"
0.0248,"frozenset({'Soda', 'Sugar', 'Water'})"
0.0208,"frozenset({'Soda', 'Sugar', 'Bread', 'Butter'})"
0.0692,"frozenset({'Sugar', 'Bread', 'Butter'})"
0.0524,"frozenset({'Sugar', 'Milk', 'Butter'})"
0.034,"frozenset({'Sugar', 'Water', 'Butter'})"
0.0444,"frozenset({'Milk', 'Sugar', 'Bread', 'Butter'})"
0.0288,"frozenset({'Sugar', 'Water', 'Bread', 'Butter'})"
0.0224,"frozenset({'Sugar', 'Water', 'Milk', 'Butter'})"
0.0464,"frozenset({'Cheese', 'Sugar', 'Milk'})"
0.0268,"frozenset({'Cheese', 'Sugar', 'Water'})"
0.0232,"frozenset({'Cheese', 'Sugar', 'Bread'})"
0.0212,"frozenset({'Cheese', 'Sugar', 'Butter'})"
0.19,"frozenset({'Coffee', 'Milk'})"
0.1836,"frozenset({'Coffee', 'Sugar'})"
0.094,"frozenset({'Coffee', 'Water'})"
0.0904,"frozenset({'Coffee', 'Bread'})"
0.0704,"frozenset({'Soda', 'Coffee'})"
0.0652,"frozenset({'Coffee', 'Tomato Sauce'})"
0.0872,"frozenset({'Coffee', 'Butter'})"
0.0652,"frozenset({'Coffee', 'Jam'})"
0.0716,"frozenset({'Cheese', 'Coffee'})"
0.1376,"frozenset({'Coffee', 'Sugar', 'Milk'})"
0.0712,"frozenset({'Coffee', 'Water', 'Milk'})"
0.0704,"frozenset({'Coffee', 'Sugar', 'Water'})"
0.052,"frozenset({'Coffee', 'Sugar', 'Water', 'Milk'})"
0.0696,"frozenset({'Coffee', 'Milk', 'Bread'})"
0.066,"frozenset({'Coffee', 'Sugar', 'Bread'})"
0.0316,"frozenset({'Coffee', 'Water', 'Bread'})"
0.0516,"frozenset({'Coffee', 'Milk', 'Sugar', 'Bread'})"
0.026,"frozenset({'Coffee', 'Sugar', 'Water', 'Bread'})"
0.0244,"frozenset({'Coffee', 'Milk', 'Water', 'Bread'})"
0.0204,"frozenset({'Water', 'Sugar', 'Bread', 'Coffee', 'Milk'})"
0.054,"frozenset({'Soda', 'Coffee', 'Sugar'})"
0.0528,"frozenset({'Soda', 'Coffee', 'Milk'})"
0.024,"frozenset({'Soda', 'Coffee', 'Bread'})"
0.0244,"frozenset({'Soda', 'Coffee', 'Butter'})"
0.0412,"frozenset({'Soda', 'Coffee', 'Sugar', 'Milk'})"
0.0508,"frozenset({'Coffee', 'Tomato Sauce', 'Milk'})"
0.0484,"frozenset({'Coffee', 'Sugar', 'Tomato Sauce'})"
0.0252,"frozenset({'Coffee', 'Tomato Sauce', 'Bread'})"
0.0208,"frozenset({'Soda', 'Coffee', 'Tomato Sauce'})"
0.0248,"frozenset({'Coffee', 'Tomato Sauce', 'Butter'})"
0.024,"frozenset({'Coffee', 'Water', 'Tomato Sauce'})"
0.0348,"frozenset({'Cheese', 'Coffee', 'Tomato Sauce'})"
0.0372,"frozenset({'Coffee', 'Sugar', 'Tomato Sauce', 'Milk'})"
0.0212,"frozenset({'Coffee', 'Milk', 'Tomato Sauce', 'Bread'})"
0.0212,"frozenset({'Coffee', 'Tomato Sauce', 'Bread', 'Butter'})"
0.0204,"frozenset({'Coffee', 'Tomato Sauce', 'Milk', 'Butter'})"
0.028,"frozenset({'Cheese', 'Coffee', 'Tomato Sauce', 'Milk'})"
0.0256,"frozenset({'Cheese', 'Coffee', 'Sugar', 'Tomato Sauce'})"
0.0204,"frozenset({'Cheese', 'Tomato Sauce', 'Sugar', 'Coffee', 'Milk'})"
0.072,"frozenset({'Coffee', 'Bread', 'Butter'})"
0.066,"frozenset({'Coffee', 'Milk', 'Butter'})"
0.0624,"frozenset({'Coffee', 'Sugar', 'Butter'})"
0.032,"frozenset({'Coffee', 'Water', 'Butter'})"
0.0552,"frozenset({'Coffee', 'Milk', 'Bread', 'Butter'})"
0.0532,"frozenset({'Coffee', 'Sugar', 'Bread', 'Butter'})"
0.0472,"frozenset({'Coffee', 'Sugar', 'Milk', 'Butter'})"
0.0408,"frozenset({'Sugar', 'Bread', 'Coffee', 'Milk', 'Butter'})"
0.0256,"frozenset({'Coffee', 'Sugar', 'Water', 'Butter'})"
0.0252,"frozenset({'Coffee', 'Water', 'Bread', 'Butter'})"
0.024,"frozenset({'Coffee', 'Water', 'Milk', 'Butter'})"
0.0216,"frozenset({'Water', 'Sugar', 'Bread', 'Coffee', 'Butter'})"
0.0456,"frozenset({'Coffee', 'Jam', 'Butter'})"
0.0456,"frozenset({'Coffee', 'Jam', 'Bread'})"
0.0496,"frozenset({'Coffee', 'Jam', 'Milk'})"
0.046,"frozenset({'Coffee', 'Sugar', 'Jam'})"
0.0248,"frozenset({'Coffee', 'Jam', 'Water'})"
0.036,"frozenset({'Coffee', 'Jam', 'Milk', 'Butter'})"
0.0324,"frozenset({'Coffee', 'Jam', 'Sugar', 'Butter'})"
0.0256,"frozenset({'Jam', 'Sugar', 'Coffee', 'Milk', 'Butter'})"
0.0436,"frozenset({'Coffee', 'Jam', 'Bread', 'Butter'})"
0.036,"frozenset({'Coffee', 'Milk', 'Jam', 'Bread'})"
0.0328,"frozenset({'Coffee', 'Sugar', 'Jam', 'Bread'})"
0.034,"frozenset({'Jam', 'Bread', 'Coffee', 'Milk', 'Butter'})"
0.0316,"frozenset({'Jam', 'Sugar', 'Bread', 'Coffee', 'Butter'})"
0.026,"frozenset({'Jam', 'Sugar', 'Bread', 'Coffee', 'Milk'})"
0.0248,"frozenset({'Jam', 'Sugar', 'Bread', 'Coffee', 'Milk', 'Butter'})"
0.0348,"frozenset({'Coffee', 'Sugar', 'Jam', 'Milk'})"
0.0568,"frozenset({'Cheese', 'Coffee', 'Milk'})"
0.0268,"frozenset({'Cheese', 'Coffee', 'Bread'})"
0.0256,"frozenset({'Cheese', 'Coffee', 'Butter'})"
0.0504,"frozenset({'Cheese', 'Coffee', 'Sugar'})"
0.0272,"frozenset({'Cheese', 'Coffee', 'Water'})"
0.0208,"frozenset({'Cheese', 'Coffee', 'Milk', 'Bread'})"
0.0216,"frozenset({'Cheese', 'Coffee', 'Bread', 'Butter'})"
0.0396,"frozenset({'Cheese', 'Coffee', 'Sugar', 'Milk'})"
0.022,"frozenset({'Cheese', 'Coffee', 'Water', 'Milk'})"
0.0752,"frozenset({'Wine', 'Water'})"
0.0712,"frozenset({'Wine', 'Milk'})"
0.0604,"frozenset({'Wine', 'Bread'})"
0.044,"frozenset({'Wine', 'Sugar'})"
0.0428,"frozenset({'Wine', 'Coffee'})"
0.1156,"frozenset({'Cheese', 'Wine'})"
0.0584,"frozenset({'Wine', 'Butter'})"
0.0468,"frozenset({'Wine', 'Soda'})"
0.04,"frozenset({'Wine', 'Tea'})"
0.0368,"frozenset({'Wine', 'Yogurt'})"
0.0436,"frozenset({'Wine', 'Cookies'})"
0.0456,"frozenset({'Wine', 'Tomato Sauce'})"
0.0376,"frozenset({'Wine', 'Jam'})"
0.0376,"frozenset({'Wine', 'Baby Wipes'})"
0.0352,"frozenset({'Wine', 'Pasta'})"
0.0384,"frozenset({'Wine', 'Eggs'})"
0.0488,"frozenset({'Cheese', 'Wine', 'Water'})"
0.0276,"frozenset({'Wine', 'Water', 'Milk'})"
0.0468,"frozenset({'Cheese', 'Wine', 'Milk'})"
0.026,"frozenset({'Wine', 'Milk', 'Bread'})"
0.0216,"frozenset({'Wine', 'Water', 'Bread'})"
0.0388,"frozenset({'Cheese', 'Wine', 'Bread'})"
0.028,"frozenset({'Wine', 'Sugar', 'Milk'})"
0.0276,"frozenset({'Cheese', 'Wine', 'Sugar'})"
0.0336,"frozenset({'Wine', 'Coffee', 'Milk'})"
0.0328,"frozenset({'Wine', 'Coffee', 'Sugar'})"
0.0264,"frozenset({'Cheese', 'Wine', 'Coffee'})"
0.0252,"frozenset({'Wine', 'Coffee', 'Sugar', 'Milk'})"
0.02,"frozenset({'Cheese', 'Wine', 'Coffee', 'Sugar'})"
0.0212,"frozenset({'Cheese', 'Wine', 'Coffee', 'Milk'})"
0.0452,"frozenset({'Wine', 'Bread', 'Butter'})"
0.038,"frozenset({'Cheese', 'Wine', 'Butter'})"
0.026,"frozenset({'Wine', 'Milk', 'Butter'})"
0.0232,"frozenset({'Wine', 'Water', 'Butter'})"
0.0304,"frozenset({'Cheese', 'Wine', 'Bread', 'Butter'})"
0.0324,"frozenset({'Cheese', 'Wine', 'Soda'})"
0.0204,"frozenset({'Wine', 'Water', 'Soda'})"
0.0284,"frozenset({'Cheese', 'Wine', 'Tea'})"
0.0292,"frozenset({'Wine', 'Tea', 'Cookies'})"
0.02,"frozenset({'Cheese', 'Wine', 'Tea', 'Cookies'})"
0.0252,"frozenset({'Cheese', 'Wine', 'Yogurt'})"
0.0276,"frozenset({'Cheese', 'Wine', 'Cookies'})"
0.036,"frozenset({'Cheese', 'Wine', 'Tomato Sauce'})"
0.0204,"frozenset({'Wine', 'Tomato Sauce', 'Milk'})"
0.0204,"frozenset({'Wine', 'Water', 'Tomato Sauce'})"
0.0272,"frozenset({'Wine', 'Jam', 'Butter'})"
0.026,"frozenset({'Wine', 'Jam', 'Bread'})"
0.0256,"frozenset({'Cheese', 'Wine', 'Jam'})"
0.0256,"frozenset({'Wine', 'Jam', 'Bread', 'Butter'})"
0.02,"frozenset({'Cheese', 'Wine', 'Jam', 'Butter'})"
0.0232,"frozenset({'Cheese', 'Wine', 'Baby Wipes'})"
0.0296,"frozenset({'Cheese', 'Wine', 'Pasta'})"
0.0312,"frozenset({'Wine', 'Pasta', 'Tomato Sauce'})"
0.0276,"frozenset({'Cheese', 'Wine', 'Pasta', 'Tomato Sauce'})"
0.0268,"frozenset({'Cheese', 'Wine', 'Eggs'})"
0.0428,"frozenset({'Cake', 'Milk'})"
0.0384,"frozenset({'Cake', 'Water'})"
0.0368,"frozenset({'Cake', 'Bread'})"
0.0256,"frozenset({'Cake', 'Sugar'})"
0.0232,"frozenset({'Cake', 'Coffee'})"
0.0236,"frozenset({'Cake', 'Tomato Sauce'})"
0.0232,"frozenset({'Cake', 'Baby Wipes'})"
0.0208,"frozenset({'Cake', 'Tea'})"
0.03,"frozenset({'Cake', 'Jam'})"
0.0288,"frozenset({'Cake', 'Cheese'})"
0.0244,"frozenset({'Cake', 'Eggs'})"
0.0396,"frozenset({'Cake', 'Butter'})"
0.0224,"frozenset({'Cake', 'Cookies'})"
0.0272,"frozenset({'Cake', 'Soda'})"
0.0296,"frozenset({'Cake', 'Bread', 'Butter'})"
0.022,"frozenset({'Cake', 'Jam', 'Bread'})"
0.022,"frozenset({'Cake', 'Jam', 'Butter'})"
0.0212,"frozenset({'Cake', 'Jam', 'Bread', 'Butter'})"
0.0996,"frozenset({'Cookies', 'Milk'})"
0.0992,"frozenset({'Water', 'Cookies'})"
0.0716,"frozenset({'Soda', 'Cookies'})"
0.078,"frozenset({'Cookies', 'Bread'})"
0.0772,"frozenset({'Cookies', 'Butter'})"
0.068,"frozenset({'Sugar', 'Cookies'})"
0.0624,"frozenset({'Coffee', 'Cookies'})"
0.0576,"frozenset({'Jam', 'Cookies'})"
0.062,"frozenset({'Cheese', 'Cookies'})"
0.0572,"frozenset({'Cookies', 'Tomato Sauce'})"
0.0392,"frozenset({'Water', 'Cookies', 'Milk'})"
0.0252,"frozenset({'Water', 'Cookies', 'Soda'})"
0.0292,"frozenset({'Soda', 'Cookies', 'Milk'})"
0.0224,"frozenset({'Soda', 'Cookies', 'Butter'})"
0.022,"frozenset({'Soda', 'Cookies', 'Bread'})"
0.0348,"frozenset({'Milk', 'Cookies', 'Bread'})"
0.0288,"frozenset({'Water', 'Cookies', 'Bread'})"
0.0612,"frozenset({'Cookies', 'Bread', 'Butter'})"
0.0336,"frozenset({'Cookies', 'Milk', 'Butter'})"
0.032,"frozenset({'Water', 'Cookies', 'Butter'})"
0.0272,"frozenset({'Milk', 'Cookies', 'Bread', 'Butter'})"
0.0228,"frozenset({'Water', 'Cookies', 'Bread', 'Butter'})"
0.0416,"frozenset({'Sugar', 'Cookies', 'Milk'})"
0.0244,"frozenset({'Sugar', 'Cookies', 'Bread'})"
0.024,"frozenset({'Sugar', 'Cookies', 'Butter'})"
0.0232,"frozenset({'Soda', 'Sugar', 'Cookies'})"
0.0236,"frozenset({'Water', 'Sugar', 'Cookies'})"
0.0204,"frozenset({'Sugar', 'Cookies', 'Bread', 'Butter'})"
0.0484,"frozenset({'Coffee', 'Sugar', 'Cookies'})"
0.048,"frozenset({'Coffee', 'Cookies', 'Milk'})"
0.0232,"frozenset({'Coffee', 'Cookies', 'Butter'})"
0.0228,"frozenset({'Coffee', 'Cookies', 'Bread'})"
0.02,"frozenset({'Soda', 'Coffee', 'Cookies'})"
0.0208,"frozenset({'Water', 'Coffee', 'Cookies'})"
0.0364,"frozenset({'Coffee', 'Sugar', 'Cookies', 'Milk'})"
0.02,"frozenset({'Coffee', 'Cookies', 'Bread', 'Butter'})"
0.0392,"frozenset({'Jam', 'Cookies', 'Butter'})"
0.0392,"frozenset({'Jam', 'Cookies', 'Bread'})"
0.0248,"frozenset({'Jam', 'Cookies', 'Milk'})"
0.0256,"frozenset({'Water', 'Jam', 'Cookies'})"
0.0372,"frozenset({'Jam', 'Cookies', 'Bread', 'Butter'})"
0.028,"frozenset({'Cheese', 'Cookies', 'Milk'})"
0.026,"frozenset({'Cheese', 'Water', 'Cookies'})"
0.0212,"frozenset({'Cheese', 'Soda', 'Cookies'})"
0.0204,"frozenset({'Cheese', 'Cookies', 'Bread'})"
0.0244,"frozenset({'Cookies', 'Milk', 'Tomato Sauce'})"
0.0224,"frozenset({'Water', 'Cookies', 'Tomato Sauce'})"
0.0272,"frozenset({'Cheese', 'Cookies', 'Tomato Sauce'})"
0.16,"frozenset({'Tea', 'Cookies'})"
0.0964,"frozenset({'Tea', 'Water'})"
0.0912,"frozenset({'Tea', 'Milk'})"
0.07,"frozenset({'Soda', 'Tea'})"
0.0764,"frozenset({'Tea', 'Bread'})"
0.0728,"frozenset({'Tea', 'Butter'})"
0.0588,"frozenset({'Tea', 'Sugar'})"
0.0552,"frozenset({'Tea', 'Jam'})"
0.0532,"frozenset({'Coffee', 'Tea'})"
0.0652,"frozenset({'Cheese', 'Tea'})"
0.0604,"frozenset({'Tea', 'Tomato Sauce'})"
0.066,"frozenset({'Tea', 'Water', 'Cookies'})"
0.0624,"frozenset({'Tea', 'Cookies', 'Milk'})"
0.0348,"frozenset({'Tea', 'Water', 'Milk'})"
0.0224,"frozenset({'Tea', 'Water', 'Milk', 'Cookies'})"
0.0484,"frozenset({'Soda', 'Tea', 'Cookies'})"
0.026,"frozenset({'Soda', 'Tea', 'Water'})"
0.0272,"frozenset({'Soda', 'Tea', 'Milk'})"
0.024,"frozenset({'Soda', 'Tea', 'Butter'})"
0.024,"frozenset({'Soda', 'Tea', 'Bread'})"
0.0512,"frozenset({'Tea', 'Cookies', 'Bread'})"
0.034,"frozenset({'Milk', 'Tea', 'Bread'})"
0.028,"frozenset({'Tea', 'Water', 'Bread'})"
0.0236,"frozenset({'Milk', 'Tea', 'Cookies', 'Bread'})"
0.0584,"frozenset({'Tea', 'Bread', 'Butter'})"
0.0496,"frozenset({'Tea', 'Cookies', 'Butter'})"
0.03,"frozenset({'Tea', 'Milk', 'Butter'})"
0.0292,"frozenset({'Tea', 'Water', 'Butter'})"
0.0396,"frozenset({'Tea', 'Cookies', 'Bread', 'Butter'})"
0.0248,"frozenset({'Milk', 'Tea', 'Bread', 'Butter'})"
0.0212,"frozenset({'Tea', 'Cookies', 'Milk', 'Butter'})"
0.0216,"frozenset({'Tea', 'Water', 'Bread', 'Butter'})"
0.02,"frozenset({'Butter', 'Tea', 'Water', 'Cookies'})"
0.0428,"frozenset({'Sugar', 'Tea', 'Cookies'})"
0.0356,"frozenset({'Tea', 'Sugar', 'Milk'})"
0.0224,"frozenset({'Tea', 'Sugar', 'Bread'})"
0.0212,"frozenset({'Soda', 'Tea', 'Sugar'})"
0.0212,"frozenset({'Tea', 'Sugar', 'Butter'})"
0.0256,"frozenset({'Sugar', 'Tea', 'Cookies', 'Milk'})"
0.0408,"frozenset({'Jam', 'Tea', 'Cookies'})"
0.04,"frozenset({'Tea', 'Jam', 'Butter'})"
0.0396,"frozenset({'Tea', 'Jam', 'Bread'})"
0.0232,"frozenset({'Tea', 'Jam', 'Milk'})"
0.022,"frozenset({'Jam', 'Tea', 'Water'})"
0.0276,"frozenset({'Jam', 'Tea', 'Cookies', 'Butter'})"
0.038,"frozenset({'Tea', 'Jam', 'Bread', 'Butter'})"
0.0276,"frozenset({'Jam', 'Tea', 'Cookies', 'Bread'})"
0.026,"frozenset({'Jam', 'Cookies', 'Tea', 'Bread', 'Butter'})"
0.0396,"frozenset({'Coffee', 'Tea', 'Sugar'})"
0.0388,"frozenset({'Coffee', 'Tea', 'Milk'})"
0.0376,"frozenset({'Coffee', 'Tea', 'Cookies'})"
0.0224,"frozenset({'Coffee', 'Tea', 'Bread'})"
0.0216,"frozenset({'Coffee', 'Tea', 'Butter'})"
0.0288,"frozenset({'Coffee', 'Tea', 'Sugar', 'Milk'})"
0.03,"frozenset({'Coffee', 'Sugar', 'Tea', 'Cookies'})"
0.0284,"frozenset({'Coffee', 'Tea', 'Cookies', 'Milk'})"
0.0216,"frozenset({'Cookies', 'Tea', 'Sugar', 'Coffee', 'Milk'})"
0.0412,"frozenset({'Cheese', 'Tea', 'Cookies'})"
0.028,"frozenset({'Cheese', 'Tea', 'Water'})"
0.0256,"frozenset({'Cheese', 'Tea', 'Milk'})"
0.022,"frozenset({'Cheese', 'Soda', 'Tea'})"
0.0224,"frozenset({'Cheese', 'Tea', 'Butter'})"
0.0212,"frozenset({'Cheese', 'Tea', 'Bread'})"
0.0248,"frozenset({'Tea', 'Water', 'Tomato Sauce'})"
0.0388,"frozenset({'Tea', 'Cookies', 'Tomato Sauce'})"
0.0236,"frozenset({'Tea', 'Tomato Sauce', 'Milk'})"
0.0208,"frozenset({'Tea', 'Tomato Sauce', 'Bread'})"
0.0312,"frozenset({'Cheese', 'Tea', 'Tomato Sauce'})"
0.1068,"frozenset({'Tomato Sauce', 'Milk'})"
0.088,"frozenset({'Tomato Sauce', 'Bread'})"
0.0688,"frozenset({'Soda', 'Tomato Sauce'})"
0.0672,"frozenset({'Sugar', 'Tomato Sauce'})"
0.0844,"frozenset({'Tomato Sauce', 'Butter'})"
0.1004,"frozenset({'Water', 'Tomato Sauce'})"
0.1312,"frozenset({'Cheese', 'Tomato Sauce'})"
0.0604,"frozenset({'Jam', 'Tomato Sauce'})"
0.0576,"frozenset({'Cheese', 'Tomato Sauce', 'Milk'})"
0.038,"frozenset({'Milk', 'Tomato Sauce', 'Bread'})"
0.0428,"frozenset({'Cheese', 'Tomato Sauce', 'Bread'})"
0.0328,"frozenset({'Water', 'Bread', 'Tomato Sauce'})"
0.0308,"frozenset({'Soda', 'Tomato Sauce', 'Milk'})"
0.0204,"frozenset({'Soda', 'Tomato Sauce', 'Bread'})"
0.0212,"frozenset({'Soda', 'Tomato Sauce', 'Butter'})"
0.0372,"frozenset({'Cheese', 'Soda', 'Tomato Sauce'})"
0.0268,"frozenset({'Soda', 'Water', 'Tomato Sauce'})"
0.0436,"frozenset({'Sugar', 'Milk', 'Tomato Sauce'})"
0.0236,"frozenset({'Sugar', 'Bread', 'Tomato Sauce'})"
0.0224,"frozenset({'Sugar', 'Tomato Sauce', 'Butter'})"
0.0276,"frozenset({'Sugar', 'Water', 'Tomato Sauce'})"
0.0348,"frozenset({'Cheese', 'Sugar', 'Tomato Sauce'})"
0.0236,"frozenset({'Cheese', 'Sugar', 'Milk', 'Tomato Sauce'})"
0.0692,"frozenset({'Tomato Sauce', 'Bread', 'Butter'})"
0.04,"frozenset({'Cheese', 'Tomato Sauce', 'Butter'})"
0.0384,"frozenset({'Tomato Sauce', 'Milk', 'Butter'})"
0.034,"frozenset({'Water', 'Tomato Sauce', 'Butter'})"
0.034,"frozenset({'Cheese', 'Tomato Sauce', 'Bread', 'Butter'})"
0.0316,"frozenset({'Milk', 'Tomato Sauce', 'Bread', 'Butter'})"
0.0268,"frozenset({'Tomato Sauce', 'Water', 'Bread', 'Butter'})"
0.0524,"frozenset({'Cheese', 'Water', 'Tomato Sauce'})"
0.0408,"frozenset({'Water', 'Milk', 'Tomato Sauce'})"
0.022,"frozenset({'Cheese', 'Water', 'Milk', 'Tomato Sauce'})"
0.0424,"frozenset({'Jam', 'Bread', 'Tomato Sauce'})"
0.0416,"frozenset({'Jam', 'Tomato Sauce', 'Butter'})"
0.0316,"frozenset({'Cheese', 'Jam', 'Tomato Sauce'})"
0.0284,"frozenset({'Jam', 'Milk', 'Tomato Sauce'})"
0.0248,"frozenset({'Jam', 'Water', 'Tomato Sauce'})"
0.0404,"frozenset({'Tomato Sauce', 'Jam', 'Bread', 'Butter'})"
0.0216,"frozenset({'Cheese', 'Jam', 'Tomato Sauce', 'Butter'})"
0.0212,"frozenset({'Cheese', 'Jam', 'Bread', 'Tomato Sauce'})"
0.0204,"frozenset({'Cheese', 'Tomato Sauce', 'Jam', 'Bread', 'Butter'})"
0.0204,"frozenset({'Milk', 'Jam', 'Bread', 'Tomato Sauce'})"
0.02,"frozenset({'Tomato Sauce', 'Jam', 'Milk', 'Butter'})"
0.0264,"frozenset({'Eggs', 'Bagel'})"
0.026,"frozenset({'Bagel', 'Tomato Sauce'})"
0.0416,"frozenset({'Bagel', 'Milk'})"
0.0304,"frozenset({'Soda', 'Bagel'})"
0.0404,"frozenset({'Bagel', 'Water'})"
0.0264,"frozenset({'Bagel', 'Cookies'})"
0.02,"frozenset({'Wine', 'Bagel'})"
0.0228,"frozenset({'Bagel', 'Tea'})"
0.02,"frozenset({'Beer', 'Bagel'})"
0.0216,"frozenset({'Pasta', 'Bagel'})"
0.0276,"frozenset({'Cheese', 'Bagel'})"
0.0268,"frozenset({'Bagel', 'Jam'})"
0.0264,"frozenset({'Coffee', 'Bagel'})"
0.022,"frozenset({'Bagel', 'Baby Wipes'})"
0.0268,"frozenset({'Bagel', 'Sugar'})"
0.0244,"frozenset({'Yogurt', 'Bagel'})"
0.04,"frozenset({'Bagel', 'Bread'})"
0.0316,"frozenset({'Bagel', 'Butter'})"
0.0216,"frozenset({'Coffee', 'Bagel', 'Milk'})"
0.0268,"frozenset({'Bagel', 'Bread', 'Butter'})"
0.0444,"frozenset({'Water', 'Juice'})"
0.042,"frozenset({'Milk', 'Juice'})"
0.0264,"frozenset({'Cookies', 'Juice'})"
0.0248,"frozenset({'Tea', 'Juice'})"
0.0324,"frozenset({'Soda', 'Juice'})"
0.0368,"frozenset({'Juice', 'Butter'})"
0.036,"frozenset({'Juice', 'Bread'})"
0.0332,"frozenset({'Cheese', 'Juice'})"
0.0296,"frozenset({'Jam', 'Juice'})"
0.028,"frozenset({'Coffee', 'Juice'})"
0.0268,"frozenset({'Sugar', 'Juice'})"
0.0244,"frozenset({'Pasta', 'Juice'})"
0.0208,"frozenset({'Wine', 'Juice'})"
0.0292,"frozenset({'Eggs', 'Juice'})"
0.0212,"frozenset({'Yogurt', 'Juice'})"
0.0204,"frozenset({'Juice', 'Baby Wipes'})"
0.0268,"frozenset({'Tomato Sauce', 'Juice'})"
0.028,"frozenset({'Juice', 'Bread', 'Butter'})"
0.022,"frozenset({'Juice', 'Jam', 'Bread'})"
0.022,"frozenset({'Jam', 'Juice', 'Butter'})"
0.0204,"frozenset({'Juice', 'Jam', 'Bread', 'Butter'})"
0.0208,"frozenset({'Coffee', 'Milk', 'Juice'})"
0.0204,"frozenset({'Pasta', 'Tomato Sauce', 'Juice'})"
0.1108,"frozenset({'Soda', 'Milk'})"
0.0956,"frozenset({'Soda', 'Bread'})"
0.0948,"frozenset({'Soda', 'Butter'})"
0.102,"frozenset({'Soda', 'Water'})"
0.0372,"frozenset({'Soda', 'Milk', 'Bread'})"
0.0324,"frozenset({'Soda', 'Water', 'Bread'})"
0.0748,"frozenset({'Soda', 'Bread', 'Butter'})"
0.0372,"frozenset({'Soda', 'Milk', 'Butter'})"
0.0332,"frozenset({'Soda', 'Water', 'Butter'})"
0.0296,"frozenset({'Soda', 'Milk', 'Bread', 'Butter'})"
0.0252,"frozenset({'Soda', 'Water', 'Bread', 'Butter'})"
0.0392,"frozenset({'Soda', 'Water', 'Milk'})"
0.088,"frozenset({'Yogurt', 'Milk'})"
0.068,"frozenset({'Yogurt', 'Bread'})"
0.0608,"frozenset({'Yogurt', 'Sugar'})"
0.0556,"frozenset({'Yogurt', 'Soda'})"
0.0552,"frozenset({'Yogurt', 'Coffee'})"
0.0508,"frozenset({'Yogurt', 'Tomato Sauce'})"
0.0484,"frozenset({'Yogurt', 'Eggs'})"
0.0668,"frozenset({'Yogurt', 'Butter'})"
0.0852,"frozenset({'Yogurt', 'Water'})"
0.0508,"frozenset({'Yogurt', 'Jam'})"
0.058,"frozenset({'Cheese', 'Yogurt'})"
0.0448,"frozenset({'Yogurt', 'Tea'})"
0.0484,"frozenset({'Yogurt', 'Baby Wipes'})"
0.0428,"frozenset({'Yogurt', 'Cookies'})"
0.0252,"frozenset({'Yogurt', 'Milk', 'Bread'})"
0.026,"frozenset({'Yogurt', 'Water', 'Bread'})"
0.038,"frozenset({'Yogurt', 'Sugar', 'Milk'})"
0.0216,"frozenset({'Yogurt', 'Sugar', 'Bread'})"
0.0248,"frozenset({'Yogurt', 'Sugar', 'Water'})"
0.0228,"frozenset({'Yogurt', 'Soda', 'Milk'})"
0.0204,"frozenset({'Yogurt', 'Soda', 'Bread'})"
0.0216,"frozenset({'Yogurt', 'Soda', 'Butter'})"
0.0432,"frozenset({'Yogurt', 'Coffee', 'Milk'})"
0.0416,"frozenset({'Yogurt', 'Coffee', 'Sugar'})"
0.0216,"frozenset({'Yogurt', 'Coffee', 'Water'})"
0.0324,"frozenset({'Yogurt', 'Coffee', 'Sugar', 'Milk'})"
0.0208,"frozenset({'Yogurt', 'Tomato Sauce', 'Milk'})"
0.0216,"frozenset({'Yogurt', 'Water', 'Tomato Sauce'})"
0.0304,"frozenset({'Cheese', 'Yogurt', 'Tomato Sauce'})"
0.0204,"frozenset({'Yogurt', 'Eggs', 'Milk'})"
0.0216,"frozenset({'Yogurt', 'Eggs', 'Water'})"
0.0544,"frozenset({'Yogurt', 'Bread', 'Butter'})"
0.0264,"frozenset({'Yogurt', 'Water', 'Butter'})"
0.026,"frozenset({'Yogurt', 'Milk', 'Butter'})"
0.02,"frozenset({'Yogurt', 'Water', 'Bread', 'Butter'})"
0.02,"frozenset({'Yogurt', 'Milk', 'Bread', 'Butter'})"
0.0348,"frozenset({'Yogurt', 'Water', 'Milk'})"
0.0228,"frozenset({'Yogurt', 'Jam', 'Water'})"
0.0376,"frozenset({'Yogurt', 'Jam', 'Butter'})"
0.0372,"frozenset({'Yogurt', 'Jam', 'Bread'})"
0.0356,"frozenset({'Yogurt', 'Jam', 'Bread', 'Butter'})"
0.0268,"frozenset({'Cheese', 'Yogurt', 'Milk'})"
0.0216,"frozenset({'Cheese', 'Yogurt', 'Water'})"
0.0216,"frozenset({'Yogurt', 'Water', 'Baby Wipes'})"
0.0288,"frozenset({'Yogurt', 'Tea', 'Cookies'})"
0.1848,"frozenset({'Jam', 'Butter'})"
0.184,"frozenset({'Jam', 'Bread'})"
0.0712,"frozenset({'Soda', 'Jam'})"
0.1028,"frozenset({'Jam', 'Milk'})"
0.062,"frozenset({'Sugar', 'Jam'})"
0.1024,"frozenset({'Jam', 'Water'})"
0.07,"frozenset({'Cheese', 'Jam'})"
0.1764,"frozenset({'Jam', 'Bread', 'Butter'})"
0.0504,"frozenset({'Soda', 'Jam', 'Bread'})"
0.05,"frozenset({'Soda', 'Jam', 'Butter'})"
0.0268,"frozenset({'Soda', 'Jam', 'Milk'})"
0.026,"frozenset({'Soda', 'Jam', 'Water'})"
0.048,"frozenset({'Soda', 'Jam', 'Bread', 'Butter'})"
0.0764,"frozenset({'Jam', 'Milk', 'Butter'})"
0.076,"frozenset({'Milk', 'Jam', 'Bread'})"
0.0724,"frozenset({'Milk', 'Jam', 'Bread', 'Butter'})"
0.0444,"frozenset({'Sugar', 'Jam', 'Bread'})"
0.044,"frozenset({'Sugar', 'Jam', 'Butter'})"
0.0392,"frozenset({'Sugar', 'Jam', 'Milk'})"
0.0204,"frozenset({'Soda', 'Sugar', 'Jam'})"
0.0252,"frozenset({'Jam', 'Sugar', 'Water'})"
0.0424,"frozenset({'Sugar', 'Jam', 'Bread', 'Butter'})"
0.0292,"frozenset({'Milk', 'Sugar', 'Jam', 'Bread'})"
0.0284,"frozenset({'Sugar', 'Jam', 'Milk', 'Butter'})"
0.0276,"frozenset({'Jam', 'Sugar', 'Bread', 'Milk', 'Butter'})"
0.04,"frozenset({'Jam', 'Water', 'Milk'})"
0.0732,"frozenset({'Jam', 'Water', 'Butter'})"
0.0712,"frozenset({'Jam', 'Water', 'Bread'})"
0.03,"frozenset({'Jam', 'Water', 'Milk', 'Butter'})"
0.0296,"frozenset({'Milk', 'Jam', 'Water', 'Bread'})"
0.0284,"frozenset({'Water', 'Jam', 'Bread', 'Milk', 'Butter'})"
0.0692,"frozenset({'Jam', 'Water', 'Bread', 'Butter'})"
0.0504,"frozenset({'Cheese', 'Jam', 'Butter'})"
0.0488,"frozenset({'Cheese', 'Jam', 'Bread'})"
0.0296,"frozenset({'Cheese', 'Jam', 'Milk'})"
0.024,"frozenset({'Cheese', 'Jam', 'Water'})"
0.0464,"frozenset({'Cheese', 'Jam', 'Bread', 'Butter'})"
0.0216,"frozenset({'Cheese', 'Jam', 'Milk', 'Butter'})"
0.0204,"frozenset({'Cheese', 'Milk', 'Jam', 'Bread'})"
0.036,"frozenset({'Shampoo', 'Water'})"
0.0244,"frozenset({'Shampoo', 'Soda'})"
0.0212,"frozenset({'Shampoo', 'Tea'})"
0.02,"frozenset({'Shampoo', 'Cookies'})"
0.0376,"frozenset({'Shampoo', 'Milk'})"
0.0336,"frozenset({'Shampoo', 'Bread'})"
0.0324,"frozenset({'Shampoo', 'Butter'})"
0.026,"frozenset({'Shampoo', 'Jam'})"
0.0232,"frozenset({'Shampoo', 'Tomato Sauce'})"
0.0224,"frozenset({'Shampoo', 'Cheese'})"
0.0204,"frozenset({'Shampoo', 'Eggs'})"
0.0256,"frozenset({'Shampoo', 'Sugar'})"
0.024,"frozenset({'Shampoo', 'Coffee'})"
0.0204,"frozenset({'Shampoo', 'Yogurt'})"
0.0272,"frozenset({'Shampoo', 'Bread', 'Butter'})"
0.1736,"frozenset({'Pasta', 'Tomato Sauce'})"
0.0696,"frozenset({'Pasta', 'Bread'})"
0.0636,"frozenset({'Pasta', 'Butter'})"
0.0448,"frozenset({'Pasta', 'Eggs'})"
0.0412,"frozenset({'Yogurt', 'Pasta'})"
0.1208,"frozenset({'Cheese', 'Pasta'})"
0.0508,"frozenset({'Pasta', 'Jam'})"
0.0444,"frozenset({'Pasta', 'Baby Wipes'})"
0.0936,"frozenset({'Pasta', 'Milk'})"
0.0804,"frozenset({'Pasta', 'Water'})"
0.0592,"frozenset({'Pasta', 'Sugar'})"
0.0588,"frozenset({'Coffee', 'Pasta'})"
0.0544,"frozenset({'Soda', 'Pasta'})"
0.0492,"frozenset({'Pasta', 'Tea'})"
0.0456,"frozenset({'Pasta', 'Cookies'})"
0.0588,"frozenset({'Pasta', 'Tomato Sauce', 'Bread'})"
0.0372,"frozenset({'Cheese', 'Pasta', 'Bread'})"
0.0308,"frozenset({'Pasta', 'Milk', 'Bread'})"
0.0236,"frozenset({'Pasta', 'Water', 'Bread'})"
0.0368,"frozenset({'Cheese', 'Pasta', 'Tomato Sauce', 'Bread'})"
0.0252,"frozenset({'Pasta', 'Milk', 'Tomato Sauce', 'Bread'})"
0.0204,"frozenset({'Pasta', 'Water', 'Bread', 'Tomato Sauce'})"
0.0552,"frozenset({'Pasta', 'Tomato Sauce', 'Butter'})"
0.0532,"frozenset({'Pasta', 'Bread', 'Butter'})"
0.0352,"frozenset({'Cheese', 'Pasta', 'Butter'})"
0.0304,"frozenset({'Pasta', 'Milk', 'Butter'})"
0.0232,"frozenset({'Pasta', 'Water', 'Butter'})"
0.0456,"frozenset({'Pasta', 'Tomato Sauce', 'Bread', 'Butter'})"
0.0348,"frozenset({'Cheese', 'Pasta', 'Tomato Sauce', 'Butter'})"
0.0296,"frozenset({'Cheese', 'Pasta', 'Bread', 'Butter'})"
0.0292,"frozenset({'Cheese', 'Tomato Sauce', 'Pasta', 'Bread', 'Butter'})"
0.026,"frozenset({'Pasta', 'Tomato Sauce', 'Milk', 'Butter'})"
0.0248,"frozenset({'Pasta', 'Milk', 'Bread', 'Butter'})"
0.0208,"frozenset({'Tomato Sauce', 'Pasta', 'Bread', 'Milk', 'Butter'})"
0.0208,"frozenset({'Pasta', 'Water', 'Tomato Sauce', 'Butter'})"
0.038,"frozenset({'Pasta', 'Eggs', 'Tomato Sauce'})"
0.0296,"frozenset({'Cheese', 'Pasta', 'Eggs'})"
0.0208,"frozenset({'Pasta', 'Eggs', 'Milk'})"
0.0284,"frozenset({'Cheese', 'Pasta', 'Eggs', 'Tomato Sauce'})"
0.0368,"frozenset({'Yogurt', 'Pasta', 'Tomato Sauce'})"
0.0276,"frozenset({'Cheese', 'Yogurt', 'Pasta'})"
0.0272,"frozenset({'Cheese', 'Yogurt', 'Pasta', 'Tomato Sauce'})"
0.118,"frozenset({'Cheese', 'Pasta', 'Tomato Sauce'})"
0.0428,"frozenset({'Pasta', 'Jam', 'Tomato Sauce'})"
0.036,"frozenset({'Pasta', 'Jam', 'Butter'})"
0.036,"frozenset({'Pasta', 'Jam', 'Bread'})"
0.0284,"frozenset({'Cheese', 'Pasta', 'Jam'})"
0.0224,"frozenset({'Pasta', 'Jam', 'Milk'})"
0.0296,"frozenset({'Pasta', 'Jam', 'Tomato Sauce', 'Butter'})"
0.0348,"frozenset({'Pasta', 'Jam', 'Bread', 'Butter'})"
0.0296,"frozenset({'Pasta', 'Jam', 'Bread', 'Tomato Sauce'})"
0.0284,"frozenset({'Tomato Sauce', 'Jam', 'Pasta', 'Bread', 'Butter'})"
0.028,"frozenset({'Cheese', 'Pasta', 'Jam', 'Tomato Sauce'})"
0.0364,"frozenset({'Pasta', 'Tomato Sauce', 'Baby Wipes'})"
0.0252,"frozenset({'Cheese', 'Pasta', 'Baby Wipes'})"
0.0244,"frozenset({'Cheese', 'Pasta', 'Tomato Sauce', 'Baby Wipes'})"
0.078,"frozenset({'Pasta', 'Tomato Sauce', 'Milk'})"
0.054,"frozenset({'Cheese', 'Pasta', 'Milk'})"
0.0528,"frozenset({'Cheese', 'Pasta', 'Tomato Sauce', 'Milk'})"
0.0708,"frozenset({'Pasta', 'Water', 'Tomato Sauce'})"
0.048,"frozenset({'Cheese', 'Pasta', 'Water'})"
0.0384,"frozenset({'Pasta', 'Water', 'Milk'})"
0.0476,"frozenset({'Cheese', 'Pasta', 'Water', 'Tomato Sauce'})"
0.0316,"frozenset({'Pasta', 'Water', 'Milk', 'Tomato Sauce'})"
0.0216,"frozenset({'Cheese', 'Pasta', 'Water', 'Milk'})"
0.0212,"frozenset({'Cheese', 'Water', 'Tomato Sauce', 'Pasta', 'Milk'})"
0.05,"frozenset({'Pasta', 'Sugar', 'Tomato Sauce'})"
0.0416,"frozenset({'Pasta', 'Sugar', 'Milk'})"
0.0204,"frozenset({'Pasta', 'Sugar', 'Bread'})"
0.0332,"frozenset({'Cheese', 'Pasta', 'Sugar'})"
0.024,"frozenset({'Pasta', 'Sugar', 'Water'})"
0.0344,"frozenset({'Pasta', 'Sugar', 'Milk', 'Tomato Sauce'})"
0.0328,"frozenset({'Cheese', 'Pasta', 'Sugar', 'Tomato Sauce'})"
0.0236,"frozenset({'Cheese', 'Pasta', 'Sugar', 'Milk'})"
0.0232,"frozenset({'Cheese', 'Tomato Sauce', 'Pasta', 'Sugar', 'Milk'})"
0.0204,"frozenset({'Pasta', 'Sugar', 'Water', 'Tomato Sauce'})"
0.0488,"frozenset({'Coffee', 'Pasta', 'Tomato Sauce'})"
0.0472,"frozenset({'Coffee', 'Pasta', 'Milk'})"
0.0432,"frozenset({'Coffee', 'Pasta', 'Sugar'})"
0.022,"frozenset({'Coffee', 'Pasta', 'Bread'})"
0.0336,"frozenset({'Cheese', 'Coffee', 'Pasta'})"
0.0224,"frozenset({'Coffee', 'Pasta', 'Water'})"
0.0396,"frozenset({'Coffee', 'Pasta', 'Tomato Sauce', 'Milk'})"
0.036,"frozenset({'Coffee', 'Pasta', 'Sugar', 'Tomato Sauce'})"
0.0356,"frozenset({'Coffee', 'Pasta', 'Sugar', 'Milk'})"
0.0292,"frozenset({'Tomato Sauce', 'Pasta', 'Sugar', 'Coffee', 'Milk'})"
0.0328,"frozenset({'Cheese', 'Coffee', 'Pasta', 'Tomato Sauce'})"
0.0272,"frozenset({'Cheese', 'Coffee', 'Pasta', 'Milk'})"
0.0248,"frozenset({'Cheese', 'Coffee', 'Pasta', 'Sugar'})"
0.0268,"frozenset({'Cheese', 'Tomato Sauce', 'Pasta', 'Coffee', 'Milk'})"
0.0244,"frozenset({'Cheese', 'Tomato Sauce', 'Pasta', 'Sugar', 'Coffee'})"
0.0204,"frozenset({'Cheese', 'Pasta', 'Sugar', 'Coffee', 'Milk'})"
0.02,"frozenset({'Cheese', 'Tomato Sauce', 'Pasta', 'Sugar', 'Coffee', 'Milk'})"
0.0464,"frozenset({'Soda', 'Pasta', 'Tomato Sauce'})"
0.0288,"frozenset({'Soda', 'Pasta', 'Milk'})"
0.02,"frozenset({'Soda', 'Pasta', 'Coffee'})"
0.0328,"frozenset({'Cheese', 'Soda', 'Pasta'})"
0.0228,"frozenset({'Soda', 'Pasta', 'Water'})"
0.0232,"frozenset({'Soda', 'Pasta', 'Tomato Sauce', 'Milk'})"
0.0328,"frozenset({'Cheese', 'Soda', 'Pasta', 'Tomato Sauce'})"
0.02,"frozenset({'Soda', 'Pasta', 'Water', 'Tomato Sauce'})"
0.0424,"frozenset({'Pasta', 'Tea', 'Tomato Sauce'})"
0.0212,"frozenset({'Pasta', 'Tea', 'Milk'})"
0.0296,"frozenset({'Cheese', 'Pasta', 'Tea'})"
0.0288,"frozenset({'Cheese', 'Pasta', 'Tea', 'Tomato Sauce'})"
0.0384,"frozenset({'Pasta', 'Cookies', 'Tomato Sauce'})"
0.0312,"frozenset({'Pasta', 'Tea', 'Cookies'})"
0.0208,"frozenset({'Pasta', 'Cookies', 'Milk'})"
0.0264,"frozenset({'Cheese', 'Pasta', 'Cookies'})"
0.0256,"frozenset({'Pasta', 'Tea', 'Cookies', 'Tomato Sauce'})"
0.0256,"frozenset({'Cheese', 'Pasta', 'Cookies', 'Tomato Sauce'})"
0.0284,"frozenset({'Bread', 'Olive Oil'})"
0.0228,"frozenset({'Olive Oil', 'Butter'})"
0.0212,"frozenset({'Eggs', 'Olive Oil'})"
0.0212,"frozenset({'Tomato Sauce', 'Olive Oil'})"
0.0384,"frozenset({'Milk', 'Olive Oil'})"
0.0344,"frozenset({'Water', 'Olive Oil'})"
0.0244,"frozenset({'Coffee', 'Olive Oil'})"
0.02,"frozenset({'Jam', 'Olive Oil'})"
0.0252,"frozenset({'Soda', 'Olive Oil'})"
0.0248,"frozenset({'Sugar', 'Olive Oil'})"
0.0224,"frozenset({'Cheese', 'Olive Oil'})"
0.0208,"frozenset({'Tea', 'Olive Oil'})"
0.022,"frozenset({'Cookies', 'Olive Oil'})"
0.1176,"frozenset({'Cheese', 'Milk'})"
0.1108,"frozenset({'Cheese', 'Water'})"
0.0756,"frozenset({'Cheese', 'Soda'})"
0.0952,"frozenset({'Cheese', 'Bread'})"
0.0908,"frozenset({'Cheese', 'Butter'})"
0.046,"frozenset({'Cheese', 'Water', 'Milk'})"
0.0348,"frozenset({'Cheese', 'Soda', 'Milk'})"
0.032,"frozenset({'Cheese', 'Soda', 'Water'})"
0.024,"frozenset({'Cheese', 'Soda', 'Bread'})"
0.0228,"frozenset({'Cheese', 'Soda', 'Butter'})"
0.0404,"frozenset({'Cheese', 'Milk', 'Bread'})"
0.0332,"frozenset({'Cheese', 'Water', 'Bread'})"
0.0748,"frozenset({'Cheese', 'Bread', 'Butter'})"
0.0404,"frozenset({'Cheese', 'Milk', 'Butter'})"
0.0336,"frozenset({'Cheese', 'Water', 'Butter'})"
0.032,"frozenset({'Cheese', 'Milk', 'Bread', 'Butter'})"
0.0248,"frozenset({'Cheese', 'Water', 'Bread', 'Butter'})"
